id,type,batteryLevel,controlledAsset,controlledProperty,dateLastValueReported,description,deviceCategory,location,name,rssi,supportedProtocol
urn:ngsi-ld:Device:0,Device,"{'type': 'Number', 'value': 64, 'metadata': {}}","{'type': 'StructuredValue', 'value': ['urn:ngsi-ld:Person:0'], 'metadata': {}}","{'type': 'StructuredValue', 'value': ['location'], 'metadata': {}}","{'type': 'DateTime', 'value': '2025-02-02T12:01:07.765Z', 'metadata': {}}","{'type': 'Text', 'value': 'Bluetooth tracker for asset tracking', 'metadata': {}}","{'type': 'StructuredValue', 'value': ['meter'], 'metadata': {}}","{'type': 'geo:json', 'value': {'type': 'Point', 'coordinates': [-6.527895775, 53.376460492]}, 'metadata': {}}","{'type': 'Text', 'value': 'BluetoothTracker-0', 'metadata': {}}","{'type': 'Number', 'value': -120, 'metadata': {}}","{'type': 'StructuredValue', 'value': ['bluetooth LE', 'bluetooth'], 'metadata': {}}"
urn:ngsi-ld:Device:1,Device,"{'type': 'Number', 'value': 39, 'metadata': {}}","{'type': 'StructuredValue', 'value': ['urn:ngsi-ld:Person:1'], 'metadata': {}}","{'type': 'StructuredValue', 'value': ['location'], 'metadata': {}}","{'type': 'DateTime', 'value': '2025-02-02T12:01:06.558Z', 'metadata': {}}","{'type': 'Text', 'value': 'Bluetooth tracker for asset tracking', 'metadata': {}}","{'type': 'StructuredValue', 'value': ['meter'], 'metadata': {}}","{'type': 'geo:json', 'value': {'type': 'Point', 'coordinates': [-6.523389816, 53.374248533]}, 'metadata': {}}","{'type': 'Text', 'value': 'BluetoothTracker-1', 'metadata': {}}","{'type': 'Number', 'value': -7, 'metadata': {}}","{'type': 'StructuredValue', 'value': ['bluetooth LE', 'bluetooth'], 'metadata': {}}"
urn:ngsi-ld:Device:2,Device,"{'type': 'Number', 'value': 41, 'metadata': {}}","{'type': 'StructuredValue', 'value': ['urn:ngsi-ld:Person:2'], 'metadata': {}}","{'type': 'StructuredValue', 'value': ['location'], 'metadata': {}}","{'type': 'DateTime', 'value': '2025-01-09T17:09:29.000Z', 'metadata': {}}","{'type': 'Text', 'value': 'Bluetooth tracker for asset tracking', 'metadata': {}}","{'type': 'StructuredValue', 'value': ['meter'], 'metadata': {}}","{'type': 'geo:json', 'value': {'type': 'Point', 'coordinates': [136.409024, 70.9369295]}, 'metadata': {}}","{'type': 'Text', 'value': 'BluetoothTracker-2', 'metadata': {}}","{'type': 'Number', 'value': -74, 'metadata': {}}","{'type': 'StructuredValue', 'value': ['bluetooth LE', 'bluetooth'], 'metadata': {}}"
urn:ngsi-ld:Device:3,Device,"{'type': 'Number', 'value': 83, 'metadata': {}}","{'type': 'StructuredValue', 'value': ['urn:ngsi-ld:Person:3'], 'metadata': {}}","{'type': 'StructuredValue', 'value': ['location'], 'metadata': {}}","{'type': 'DateTime', 'value': '2025-01-20T13:50:55.000Z', 'metadata': {}}","{'type': 'Text', 'value': 'Bluetooth tracker for asset tracking', 'metadata': {}}","{'type': 'StructuredValue', 'value': ['meter'], 'metadata': {}}","{'type': 'geo:json', 'value': {'type': 'Point', 'coordinates': [-63.000414, -78.606977]}, 'metadata': {}}","{'type': 'Text', 'value': 'BluetoothTracker-3', 'metadata': {}}","{'type': 'Number', 'value': -63, 'metadata': {}}","{'type': 'StructuredValue', 'value': ['bluetooth LE', 'bluetooth'], 'metadata': {}}"
urn:ngsi-ld:Device:4,Device,"{'type': 'Number', 'value': 48, 'metadata': {}}","{'type': 'StructuredValue', 'value': ['urn:ngsi-ld:Person:4'], 'metadata': {}}","{'type': 'StructuredValue', 'value': ['location'], 'metadata': {}}","{'type': 'DateTime', 'value': '2025-01-06T22:47:38.000Z', 'metadata': {}}","{'type': 'Text', 'value': 'Bluetooth tracker for asset tracking', 'metadata': {}}","{'type': 'StructuredValue', 'value': ['meter'], 'metadata': {}}","{'type': 'geo:json', 'value': {'type': 'Point', 'coordinates': [-85.88833, 77.326845]}, 'metadata': {}}","{'type': 'Text', 'value': 'BluetoothTracker-4', 'metadata': {}}","{'type': 'Number', 'value': -72, 'metadata': {}}","{'type': 'StructuredValue', 'value': ['bluetooth LE', 'bluetooth'], 'metadata': {}}"
urn:ngsi-ld:Device:5,Device,"{'type': 'Number', 'value': 0, 'metadata': {}}","{'type': 'StructuredValue', 'value': ['urn:ngsi-ld:Person:5'], 'metadata': {}}","{'type': 'StructuredValue', 'value': ['location'], 'metadata': {}}","{'type': 'DateTime', 'value': '2025-01-10T19:52:36.000Z', 'metadata': {}}","{'type': 'Text', 'value': 'Bluetooth tracker for asset tracking', 'metadata': {}}","{'type': 'StructuredValue', 'value': ['meter'], 'metadata': {}}","{'type': 'geo:json', 'value': {'type': 'Point', 'coordinates': [13.647973, 87.3978265]}, 'metadata': {}}","{'type': 'Text', 'value': 'BluetoothTracker-5', 'metadata': {}}","{'type': 'Number', 'value': -28, 'metadata': {}}","{'type': 'StructuredValue', 'value': ['bluetooth LE', 'bluetooth'], 'metadata': {}}"
urn:ngsi-ld:Device:6,Device,"{'type': 'Number', 'value': 43, 'metadata': {}}","{'type': 'StructuredValue', 'value': ['urn:ngsi-ld:Person:6'], 'metadata': {}}","{'type': 'StructuredValue', 'value': ['location'], 'metadata': {}}","{'type': 'DateTime', 'value': '2025-01-20T20:20:51.000Z', 'metadata': {}}","{'type': 'Text', 'value': 'Bluetooth tracker for asset tracking', 'metadata': {}}","{'type': 'StructuredValue', 'value': ['meter'], 'metadata': {}}","{'type': 'geo:json', 'value': {'type': 'Point', 'coordinates': [-175.203517, 47.2403165]}, 'metadata': {}}","{'type': 'Text', 'value': 'BluetoothTracker-6', 'metadata': {}}","{'type': 'Number', 'value': -95, 'metadata': {}}","{'type': 'StructuredValue', 'value': ['bluetooth LE', 'bluetooth'], 'metadata': {}}"
urn:ngsi-ld:Device:7,Device,"{'type': 'Number', 'value': 72, 'metadata': {}}","{'type': 'StructuredValue', 'value': ['urn:ngsi-ld:Person:7'], 'metadata': {}}","{'type': 'StructuredValue', 'value': ['location'], 'metadata': {}}","{'type': 'DateTime', 'value': '2025-01-25T14:52:47.000Z', 'metadata': {}}","{'type': 'Text', 'value': 'Bluetooth tracker for asset tracking', 'metadata': {}}","{'type': 'StructuredValue', 'value': ['meter'], 'metadata': {}}","{'type': 'geo:json', 'value': {'type': 'Point', 'coordinates': [-11.898849, 56.900237]}, 'metadata': {}}","{'type': 'Text', 'value': 'BluetoothTracker-7', 'metadata': {}}","{'type': 'Number', 'value': -86, 'metadata': {}}","{'type': 'StructuredValue', 'value': ['bluetooth LE', 'bluetooth'], 'metadata': {}}"
urn:ngsi-ld:Device:8,Device,"{'type': 'Number', 'value': 46, 'metadata': {}}","{'type': 'StructuredValue', 'value': ['urn:ngsi-ld:Person:8'], 'metadata': {}}","{'type': 'StructuredValue', 'value': ['location'], 'metadata': {}}","{'type': 'DateTime', 'value': '2025-01-27T06:28:14.000Z', 'metadata': {}}","{'type': 'Text', 'value': 'Bluetooth tracker for asset tracking', 'metadata': {}}","{'type': 'StructuredValue', 'value': ['meter'], 'metadata': {}}","{'type': 'geo:json', 'value': {'type': 'Point', 'coordinates': [-130.659061, -37.1395905]}, 'metadata': {}}","{'type': 'Text', 'value': 'BluetoothTracker-8', 'metadata': {}}","{'type': 'Number', 'value': -14, 'metadata': {}}","{'type': 'StructuredValue', 'value': ['bluetooth LE', 'bluetooth'], 'metadata': {}}"
urn:ngsi-ld:Device:9,Device,"{'type': 'Number', 'value': 52, 'metadata': {}}","{'type': 'StructuredValue', 'value': ['urn:ngsi-ld:Person:9'], 'metadata': {}}","{'type': 'StructuredValue', 'value': ['location'], 'metadata': {}}","{'type': 'DateTime', 'value': '2025-01-28T10:01:47.000Z', 'metadata': {}}","{'type': 'Text', 'value': 'Bluetooth tracker for asset tracking', 'metadata': {}}","{'type': 'StructuredValue', 'value': ['meter'], 'metadata': {}}","{'type': 'geo:json', 'value': {'type': 'Point', 'coordinates': [153.661528, -61.692597]}, 'metadata': {}}","{'type': 'Text', 'value': 'BluetoothTracker-9', 'metadata': {}}","{'type': 'Number', 'value': -1, 'metadata': {}}","{'type': 'StructuredValue', 'value': ['bluetooth LE', 'bluetooth'], 'metadata': {}}"
urn:ngsi-ld:Device:10,Device,"{'type': 'Number', 'value': 78, 'metadata': {}}","{'type': 'StructuredValue', 'value': ['urn:ngsi-ld:Person:10'], 'metadata': {}}","{'type': 'StructuredValue', 'value': ['location'], 'metadata': {}}","{'type': 'DateTime', 'value': '2025-01-25T14:13:07.000Z', 'metadata': {}}","{'type': 'Text', 'value': 'Bluetooth tracker for asset tracking', 'metadata': {}}","{'type': 'StructuredValue', 'value': ['meter'], 'metadata': {}}","{'type': 'geo:json', 'value': {'type': 'Point', 'coordinates': [111.620422, -18.429909]}, 'metadata': {}}","{'type': 'Text', 'value': 'BluetoothTracker-10', 'metadata': {}}","{'type': 'Number', 'value': -61, 'metadata': {}}","{'type': 'StructuredValue', 'value': ['bluetooth LE', 'bluetooth'], 'metadata': {}}"
urn:ngsi-ld:Device:11,Device,"{'type': 'Number', 'value': 75, 'metadata': {}}","{'type': 'StructuredValue', 'value': ['urn:ngsi-ld:Person:0'], 'metadata': {}}","{'type': 'StructuredValue', 'value': ['location'], 'metadata': {}}","{'type': 'DateTime', 'value': '2025-02-02T12:01:05.896Z', 'metadata': {}}","{'type': 'Text', 'value': 'GPS tracker for asset tracking outdoors', 'metadata': {}}","{'type': 'StructuredValue', 'value': ['meter'], 'metadata': {}}","{'type': 'geo:json', 'value': {'type': 'Point', 'coordinates': [-6.528166179, 53.376442839]}, 'metadata': {}}","{'type': 'Text', 'value': 'GPSTracker-0', 'metadata': {}}","{'type': 'Number', 'value': -85, 'metadata': {}}","{'type': 'StructuredValue', 'value': ['lora'], 'metadata': {}}"
urn:ngsi-ld:Device:12,Device,"{'type': 'Number', 'value': 0, 'metadata': {}}","{'type': 'StructuredValue', 'value': ['urn:ngsi-ld:Person:1'], 'metadata': {}}","{'type': 'StructuredValue', 'value': ['location'], 'metadata': {}}","{'type': 'DateTime', 'value': '2025-02-02T12:01:07.212Z', 'metadata': {}}","{'type': 'Text', 'value': 'GPS tracker for asset tracking outdoors', 'metadata': {}}","{'type': 'StructuredValue', 'value': ['meter'], 'metadata': {}}","{'type': 'geo:json', 'value': {'type': 'Point', 'coordinates': [-6.523360478, 53.374328134]}, 'metadata': {}}","{'type': 'Text', 'value': 'GPSTracker-1', 'metadata': {}}","{'type': 'Number', 'value': -13, 'metadata': {}}","{'type': 'StructuredValue', 'value': ['lora'], 'metadata': {}}"
urn:ngsi-ld:Device:13,Device,"{'type': 'Number', 'value': 30, 'metadata': {}}","{'type': 'StructuredValue', 'value': ['urn:ngsi-ld:Person:2'], 'metadata': {}}","{'type': 'StructuredValue', 'value': ['location'], 'metadata': {}}","{'type': 'DateTime', 'value': '2025-01-07T06:36:02.000Z', 'metadata': {}}","{'type': 'Text', 'value': 'GPS tracker for asset tracking outdoors', 'metadata': {}}","{'type': 'StructuredValue', 'value': ['meter'], 'metadata': {}}","{'type': 'geo:json', 'value': {'type': 'Point', 'coordinates': [114.102895, -82.8561665]}, 'metadata': {}}","{'type': 'Text', 'value': 'GPSTracker-2', 'metadata': {}}","{'type': 'Number', 'value': -66, 'metadata': {}}","{'type': 'StructuredValue', 'value': ['lora'], 'metadata': {}}"
urn:ngsi-ld:Device:14,Device,"{'type': 'Number', 'value': 99, 'metadata': {}}","{'type': 'StructuredValue', 'value': ['urn:ngsi-ld:Person:3'], 'metadata': {}}","{'type': 'StructuredValue', 'value': ['location'], 'metadata': {}}","{'type': 'DateTime', 'value': '2025-01-14T12:02:11.000Z', 'metadata': {}}","{'type': 'Text', 'value': 'GPS tracker for asset tracking outdoors', 'metadata': {}}","{'type': 'StructuredValue', 'value': ['meter'], 'metadata': {}}","{'type': 'geo:json', 'value': {'type': 'Point', 'coordinates': [-118.969288, 3.925925]}, 'metadata': {}}","{'type': 'Text', 'value': 'GPSTracker-3', 'metadata': {}}","{'type': 'Number', 'value': -3, 'metadata': {}}","{'type': 'StructuredValue', 'value': ['lora'], 'metadata': {}}"
urn:ngsi-ld:Device:15,Device,"{'type': 'Number', 'value': 49, 'metadata': {}}","{'type': 'StructuredValue', 'value': ['urn:ngsi-ld:Person:4'], 'metadata': {}}","{'type': 'StructuredValue', 'value': ['location'], 'metadata': {}}","{'type': 'DateTime', 'value': '2025-01-21T15:52:44.000Z', 'metadata': {}}","{'type': 'Text', 'value': 'GPS tracker for asset tracking outdoors', 'metadata': {}}","{'type': 'StructuredValue', 'value': ['meter'], 'metadata': {}}","{'type': 'geo:json', 'value': {'type': 'Point', 'coordinates': [4.135716, -52.7112465]}, 'metadata': {}}","{'type': 'Text', 'value': 'GPSTracker-4', 'metadata': {}}","{'type': 'Number', 'value': -2, 'metadata': {}}","{'type': 'StructuredValue', 'value': ['lora'], 'metadata': {}}"
urn:ngsi-ld:Device:16,Device,"{'type': 'Number', 'value': 70, 'metadata': {}}","{'type': 'StructuredValue', 'value': ['urn:ngsi-ld:Person:5'], 'metadata': {}}","{'type': 'StructuredValue', 'value': ['location'], 'metadata': {}}","{'type': 'DateTime', 'value': '2025-01-19T21:57:04.000Z', 'metadata': {}}","{'type': 'Text', 'value': 'GPS tracker for asset tracking outdoors', 'metadata': {}}","{'type': 'StructuredValue', 'value': ['meter'], 'metadata': {}}","{'type': 'geo:json', 'value': {'type': 'Point', 'coordinates': [105.404734, -38.2173535]}, 'metadata': {}}","{'type': 'Text', 'value': 'GPSTracker-5', 'metadata': {}}","{'type': 'Number', 'value': -71, 'metadata': {}}","{'type': 'StructuredValue', 'value': ['lora'], 'metadata': {}}"
urn:ngsi-ld:Device:17,Device,"{'type': 'Number', 'value': 80, 'metadata': {}}","{'type': 'StructuredValue', 'value': ['urn:ngsi-ld:Person:6'], 'metadata': {}}","{'type': 'StructuredValue', 'value': ['location'], 'metadata': {}}","{'type': 'DateTime', 'value': '2025-01-15T21:01:39.000Z', 'metadata': {}}","{'type': 'Text', 'value': 'GPS tracker for asset tracking outdoors', 'metadata': {}}","{'type': 'StructuredValue', 'value': ['meter'], 'metadata': {}}","{'type': 'geo:json', 'value': {'type': 'Point', 'coordinates': [160.039814, 85.767891]}, 'metadata': {}}","{'type': 'Text', 'value': 'GPSTracker-6', 'metadata': {}}","{'type': 'Number', 'value': -78, 'metadata': {}}","{'type': 'StructuredValue', 'value': ['lora'], 'metadata': {}}"
urn:ngsi-ld:Device:18,Device,"{'type': 'Number', 'value': 5, 'metadata': {}}","{'type': 'StructuredValue', 'value': ['urn:ngsi-ld:Person:7'], 'metadata': {}}","{'type': 'StructuredValue', 'value': ['location'], 'metadata': {}}","{'type': 'DateTime', 'value': '2025-01-02T04:14:42.000Z', 'metadata': {}}","{'type': 'Text', 'value': 'GPS tracker for asset tracking outdoors', 'metadata': {}}","{'type': 'StructuredValue', 'value': ['meter'], 'metadata': {}}","{'type': 'geo:json', 'value': {'type': 'Point', 'coordinates': [32.348928, 1.403471]}, 'metadata': {}}","{'type': 'Text', 'value': 'GPSTracker-7', 'metadata': {}}","{'type': 'Number', 'value': -19, 'metadata': {}}","{'type': 'StructuredValue', 'value': ['lora'], 'metadata': {}}"
urn:ngsi-ld:Device:19,Device,"{'type': 'Number', 'value': 31, 'metadata': {}}","{'type': 'StructuredValue', 'value': ['urn:ngsi-ld:Person:8'], 'metadata': {}}","{'type': 'StructuredValue', 'value': ['location'], 'metadata': {}}","{'type': 'DateTime', 'value': '2025-01-24T05:54:36.000Z', 'metadata': {}}","{'type': 'Text', 'value': 'GPS tracker for asset tracking outdoors', 'metadata': {}}","{'type': 'StructuredValue', 'value': ['meter'], 'metadata': {}}","{'type': 'geo:json', 'value': {'type': 'Point', 'coordinates': [123.670491, -57.3165355]}, 'metadata': {}}","{'type': 'Text', 'value': 'GPSTracker-8', 'metadata': {}}","{'type': 'Number', 'value': -117, 'metadata': {}}","{'type': 'StructuredValue', 'value': ['lora'], 'metadata': {}}"
urn:ngsi-ld:Device:20,Device,"{'type': 'Number', 'value': 80, 'metadata': {}}","{'type': 'StructuredValue', 'value': ['urn:ngsi-ld:Person:9'], 'metadata': {}}","{'type': 'StructuredValue', 'value': ['location'], 'metadata': {}}","{'type': 'DateTime', 'value': '2025-01-09T15:00:57.000Z', 'metadata': {}}","{'type': 'Text', 'value': 'GPS tracker for asset tracking outdoors', 'metadata': {}}","{'type': 'StructuredValue', 'value': ['meter'], 'metadata': {}}","{'type': 'geo:json', 'value': {'type': 'Point', 'coordinates': [156.17684, -8.4848215]}, 'metadata': {}}","{'type': 'Text', 'value': 'GPSTracker-9', 'metadata': {}}","{'type': 'Number', 'value': -29, 'metadata': {}}","{'type': 'StructuredValue', 'value': ['lora'], 'metadata': {}}"
urn:ngsi-ld:Device:21,Device,"{'type': 'Number', 'value': 32, 'metadata': {}}","{'type': 'StructuredValue', 'value': ['urn:ngsi-ld:Person:10'], 'metadata': {}}","{'type': 'StructuredValue', 'value': ['location'], 'metadata': {}}","{'type': 'DateTime', 'value': '2025-01-01T20:33:38.000Z', 'metadata': {}}","{'type': 'Text', 'value': 'GPS tracker for asset tracking outdoors', 'metadata': {}}","{'type': 'StructuredValue', 'value': ['meter'], 'metadata': {}}","{'type': 'geo:json', 'value': {'type': 'Point', 'coordinates': [46.590692, 56.597221]}, 'metadata': {}}","{'type': 'Text', 'value': 'GPSTracker-10', 'metadata': {}}","{'type': 'Number', 'value': -109, 'metadata': {}}","{'type': 'StructuredValue', 'value': ['lora'], 'metadata': {}}"
urn:ngsi-ld:Device:22,Device,"{'type': 'Text', 'value': 'Fab 1 Facility', 'metadata': {}}","{'type': 'StructuredValue', 'value': ['urn:ngsi-ld:Device:69'], 'metadata': {}}","{'type': 'StructuredValue', 'value': ['gateOpening'], 'metadata': {}}","{'type': 'DateTime', 'value': '2025-02-02T00:05:54.373Z', 'metadata': {}}","{'type': 'StructuredValue', 'value': ['sensor'], 'metadata': {}}","{'type': 'Text', 'value': 'Entry', 'metadata': {}}","{'type': 'geo:json', 'value': {'type': 'Point', 'coordinates': [-6.52482748, 53.376367338]}, 'metadata': {}}","{'type': 'Text', 'value': 'NFCReader-0', 'metadata': {}}","{'type': 'StructuredValue', 'value': ['mqtt'], 'metadata': {}}","{'type': 'Text', 'value': '1C553B4F', 'metadata': {}}"
urn:ngsi-ld:Device:23,Device,"{'type': 'Text', 'value': 'Fab 1 Facility', 'metadata': {}}","{'type': 'StructuredValue', 'value': ['urn:ngsi-ld:Device:69'], 'metadata': {}}","{'type': 'StructuredValue', 'value': ['gateOpening'], 'metadata': {}}","{'type': 'DateTime', 'value': '2025-02-02T00:05:58.504Z', 'metadata': {}}","{'type': 'StructuredValue', 'value': ['sensor'], 'metadata': {}}","{'type': 'Text', 'value': 'Exit', 'metadata': {}}","{'type': 'geo:json', 'value': {'type': 'Point', 'coordinates': [-6.52482748, 53.376367338]}, 'metadata': {}}","{'type': 'Text', 'value': 'NFCReader-1', 'metadata': {}}","{'type': 'StructuredValue', 'value': ['mqtt'], 'metadata': {}}","{'type': 'Text', 'value': '5AB82C84', 'metadata': {}}"
urn:ngsi-ld:Device:24,Device,"{'type': 'Text', 'value': 'Fab 1 Facility, Fab 10 Facility', 'metadata': {}}","{'type': 'StructuredValue', 'value': ['urn:ngsi-ld:Device:69'], 'metadata': {}}","{'type': 'StructuredValue', 'value': ['gateOpening'], 'metadata': {}}","{'type': 'DateTime', 'value': '2025-02-02T00:05:56.465Z', 'metadata': {}}","{'type': 'StructuredValue', 'value': ['sensor'], 'metadata': {}}","{'type': 'Text', 'value': 'Entry', 'metadata': {}}","{'type': 'geo:json', 'value': {'type': 'Point', 'coordinates': [-6.522874832, 53.376015129]}, 'metadata': {}}","{'type': 'Text', 'value': 'NFCReader-2', 'metadata': {}}","{'type': 'StructuredValue', 'value': ['mqtt'], 'metadata': {}}","{'type': 'Text', 'value': '1E2C2783', 'metadata': {}}"
urn:ngsi-ld:Device:25,Device,"{'type': 'Text', 'value': 'Fab 1 Facility, Fab 10 Facility', 'metadata': {}}","{'type': 'StructuredValue', 'value': ['urn:ngsi-ld:Device:69'], 'metadata': {}}","{'type': 'StructuredValue', 'value': ['gateOpening'], 'metadata': {}}","{'type': 'DateTime', 'value': '2025-01-04T11:45:54.000Z', 'metadata': {}}","{'type': 'StructuredValue', 'value': ['sensor'], 'metadata': {}}","{'type': 'Text', 'value': 'Exit', 'metadata': {}}","{'type': 'geo:json', 'value': {'type': 'Point', 'coordinates': [-6.522874832, 53.376015129]}, 'metadata': {}}","{'type': 'Text', 'value': 'NFCReader-3', 'metadata': {}}","{'type': 'StructuredValue', 'value': ['mqtt'], 'metadata': {}}","{'type': 'Text', 'value': 'a8ff6f38', 'metadata': {}}"
urn:ngsi-ld:Device:26,Device,"{'type': 'Text', 'value': 'Fab 2 Facility', 'metadata': {}}","{'type': 'StructuredValue', 'value': ['urn:ngsi-ld:Device:69'], 'metadata': {}}","{'type': 'StructuredValue', 'value': ['gateOpening'], 'metadata': {}}","{'type': 'DateTime', 'value': '2025-01-29T18:58:31.000Z', 'metadata': {}}","{'type': 'StructuredValue', 'value': ['sensor'], 'metadata': {}}","{'type': 'Text', 'value': 'Entry', 'metadata': {}}","{'type': 'geo:json', 'value': {'type': 'Point', 'coordinates': [-6.527380943, 53.376277685]}, 'metadata': {}}","{'type': 'Text', 'value': 'NFCReader-4', 'metadata': {}}","{'type': 'StructuredValue', 'value': ['mqtt'], 'metadata': {}}","{'type': 'Text', 'value': 'c6f20847', 'metadata': {}}"
urn:ngsi-ld:Device:27,Device,"{'type': 'Text', 'value': 'Fab 2 Facility', 'metadata': {}}","{'type': 'StructuredValue', 'value': ['urn:ngsi-ld:Device:69'], 'metadata': {}}","{'type': 'StructuredValue', 'value': ['gateOpening'], 'metadata': {}}","{'type': 'DateTime', 'value': '2025-01-20T15:56:50.000Z', 'metadata': {}}","{'type': 'StructuredValue', 'value': ['sensor'], 'metadata': {}}","{'type': 'Text', 'value': 'Exit', 'metadata': {}}","{'type': 'geo:json', 'value': {'type': 'Point', 'coordinates': [-6.527380943, 53.376277685]}, 'metadata': {}}","{'type': 'Text', 'value': 'NFCReader-5', 'metadata': {}}","{'type': 'StructuredValue', 'value': ['mqtt'], 'metadata': {}}","{'type': 'Text', 'value': '128becf0', 'metadata': {}}"
urn:ngsi-ld:Device:28,Device,"{'type': 'Text', 'value': 'Cleanroom 2', 'metadata': {}}","{'type': 'StructuredValue', 'value': ['urn:ngsi-ld:Device:69'], 'metadata': {}}","{'type': 'StructuredValue', 'value': ['gateOpening'], 'metadata': {}}","{'type': 'DateTime', 'value': '2025-01-26T08:57:07.000Z', 'metadata': {}}","{'type': 'StructuredValue', 'value': ['sensor'], 'metadata': {}}","{'type': 'Text', 'value': 'Entry', 'metadata': {}}","{'type': 'geo:json', 'value': {'type': 'Point', 'coordinates': [-6.526683569, 53.377347103]}, 'metadata': {}}","{'type': 'Text', 'value': 'NFCReader-6', 'metadata': {}}","{'type': 'StructuredValue', 'value': ['mqtt'], 'metadata': {}}","{'type': 'Text', 'value': 'b8937d69', 'metadata': {}}"
urn:ngsi-ld:Device:29,Device,"{'type': 'Text', 'value': 'Cleanroom 2', 'metadata': {}}","{'type': 'StructuredValue', 'value': ['urn:ngsi-ld:Device:69'], 'metadata': {}}","{'type': 'StructuredValue', 'value': ['gateOpening'], 'metadata': {}}","{'type': 'DateTime', 'value': '2025-01-07T09:40:02.000Z', 'metadata': {}}","{'type': 'StructuredValue', 'value': ['sensor'], 'metadata': {}}","{'type': 'Text', 'value': 'Exit', 'metadata': {}}","{'type': 'geo:json', 'value': {'type': 'Point', 'coordinates': [-6.526683569, 53.377347103]}, 'metadata': {}}","{'type': 'Text', 'value': 'NFCReader-7', 'metadata': {}}","{'type': 'StructuredValue', 'value': ['mqtt'], 'metadata': {}}","{'type': 'Text', 'value': 'f5a800c9', 'metadata': {}}"
urn:ngsi-ld:Device:30,Device,"{'type': 'Text', 'value': 'Cleanroom 1', 'metadata': {}}","{'type': 'StructuredValue', 'value': ['urn:ngsi-ld:Device:69'], 'metadata': {}}","{'type': 'StructuredValue', 'value': ['gateOpening'], 'metadata': {}}","{'type': 'DateTime', 'value': '2025-01-24T02:18:40.000Z', 'metadata': {}}","{'type': 'StructuredValue', 'value': ['sensor'], 'metadata': {}}","{'type': 'Text', 'value': 'Entry', 'metadata': {}}","{'type': 'geo:json', 'value': {'type': 'Point', 'coordinates': [-6.526007652, 53.376994902]}, 'metadata': {}}","{'type': 'Text', 'value': 'NFCReader-8', 'metadata': {}}","{'type': 'StructuredValue', 'value': ['mqtt'], 'metadata': {}}","{'type': 'Text', 'value': '9f56b810', 'metadata': {}}"
urn:ngsi-ld:Device:31,Device,"{'type': 'Text', 'value': 'Cleanroom 1', 'metadata': {}}","{'type': 'StructuredValue', 'value': ['urn:ngsi-ld:Device:69'], 'metadata': {}}","{'type': 'StructuredValue', 'value': ['gateOpening'], 'metadata': {}}","{'type': 'DateTime', 'value': '2025-01-11T10:31:47.000Z', 'metadata': {}}","{'type': 'StructuredValue', 'value': ['sensor'], 'metadata': {}}","{'type': 'Text', 'value': 'Exit', 'metadata': {}}","{'type': 'geo:json', 'value': {'type': 'Point', 'coordinates': [-6.526007652, 53.376994902]}, 'metadata': {}}","{'type': 'Text', 'value': 'NFCReader-9', 'metadata': {}}","{'type': 'StructuredValue', 'value': ['mqtt'], 'metadata': {}}","{'type': 'Text', 'value': '6037d8fa', 'metadata': {}}"
urn:ngsi-ld:Device:32,Device,"{'type': 'Text', 'value': 'IR2 Office Facility', 'metadata': {}}","{'type': 'StructuredValue', 'value': ['urn:ngsi-ld:Device:69'], 'metadata': {}}","{'type': 'StructuredValue', 'value': ['gateOpening'], 'metadata': {}}","{'type': 'DateTime', 'value': '2025-01-10T04:31:59.000Z', 'metadata': {}}","{'type': 'StructuredValue', 'value': ['sensor'], 'metadata': {}}","{'type': 'Text', 'value': 'Entry', 'metadata': {}}","{'type': 'geo:json', 'value': {'type': 'Point', 'coordinates': [-6.523604393, 53.375016122]}, 'metadata': {}}","{'type': 'Text', 'value': 'NFCReader-10', 'metadata': {}}","{'type': 'StructuredValue', 'value': ['mqtt'], 'metadata': {}}","{'type': 'Text', 'value': 'd30dec2f', 'metadata': {}}"
urn:ngsi-ld:Device:33,Device,"{'type': 'Text', 'value': 'IR2 Office Facility', 'metadata': {}}","{'type': 'StructuredValue', 'value': ['urn:ngsi-ld:Device:69'], 'metadata': {}}","{'type': 'StructuredValue', 'value': ['gateOpening'], 'metadata': {}}","{'type': 'DateTime', 'value': '2025-01-17T03:37:13.000Z', 'metadata': {}}","{'type': 'StructuredValue', 'value': ['sensor'], 'metadata': {}}","{'type': 'Text', 'value': 'Exit', 'metadata': {}}","{'type': 'geo:json', 'value': {'type': 'Point', 'coordinates': [-6.523604393, 53.375016122]}, 'metadata': {}}","{'type': 'Text', 'value': 'NFCReader-11', 'metadata': {}}","{'type': 'StructuredValue', 'value': ['mqtt'], 'metadata': {}}","{'type': 'Text', 'value': '11b0d5e0', 'metadata': {}}"
urn:ngsi-ld:Device:34,Device,"{'type': 'Text', 'value': 'IR2 Office Facility, Fab 14 Facility', 'metadata': {}}","{'type': 'StructuredValue', 'value': ['urn:ngsi-ld:Device:69'], 'metadata': {}}","{'type': 'StructuredValue', 'value': ['gateOpening'], 'metadata': {}}","{'type': 'DateTime', 'value': '2025-01-08T05:44:12.000Z', 'metadata': {}}","{'type': 'StructuredValue', 'value': ['sensor'], 'metadata': {}}","{'type': 'Text', 'value': 'Entry', 'metadata': {}}","{'type': 'geo:json', 'value': {'type': 'Point', 'coordinates': [-6.521619558, 53.374574246]}, 'metadata': {}}","{'type': 'Text', 'value': 'NFCReader-12', 'metadata': {}}","{'type': 'StructuredValue', 'value': ['mqtt'], 'metadata': {}}","{'type': 'Text', 'value': '011768e3', 'metadata': {}}"
urn:ngsi-ld:Device:35,Device,"{'type': 'Text', 'value': 'IR2 Office Facility, Fab 14 Facility', 'metadata': {}}","{'type': 'StructuredValue', 'value': ['urn:ngsi-ld:Device:69'], 'metadata': {}}","{'type': 'StructuredValue', 'value': ['gateOpening'], 'metadata': {}}","{'type': 'DateTime', 'value': '2025-01-03T08:22:46.000Z', 'metadata': {}}","{'type': 'StructuredValue', 'value': ['sensor'], 'metadata': {}}","{'type': 'Text', 'value': 'Exit', 'metadata': {}}","{'type': 'geo:json', 'value': {'type': 'Point', 'coordinates': [-6.521619558, 53.374574246]}, 'metadata': {}}","{'type': 'Text', 'value': 'NFCReader-13', 'metadata': {}}","{'type': 'StructuredValue', 'value': ['mqtt'], 'metadata': {}}","{'type': 'Text', 'value': '371b0eeb', 'metadata': {}}"
urn:ngsi-ld:Device:36,Device,"{'type': 'Text', 'value': 'IR2 Office Facility, Fab 10 Facility', 'metadata': {}}","{'type': 'StructuredValue', 'value': ['urn:ngsi-ld:Device:69'], 'metadata': {}}","{'type': 'StructuredValue', 'value': ['gateOpening'], 'metadata': {}}","{'type': 'DateTime', 'value': '2025-01-19T06:03:49.000Z', 'metadata': {}}","{'type': 'StructuredValue', 'value': ['sensor'], 'metadata': {}}","{'type': 'Text', 'value': 'Entry', 'metadata': {}}","{'type': 'geo:json', 'value': {'type': 'Point', 'coordinates': [-6.521984339, 53.374881638]}, 'metadata': {}}","{'type': 'Text', 'value': 'NFCReader-14', 'metadata': {}}","{'type': 'StructuredValue', 'value': ['mqtt'], 'metadata': {}}","{'type': 'Text', 'value': 'f5f1f8ae', 'metadata': {}}"
urn:ngsi-ld:Device:37,Device,"{'type': 'Text', 'value': 'IR2 Office Facility, Fab 10 Facility', 'metadata': {}}","{'type': 'StructuredValue', 'value': ['urn:ngsi-ld:Device:69'], 'metadata': {}}","{'type': 'StructuredValue', 'value': ['gateOpening'], 'metadata': {}}","{'type': 'DateTime', 'value': '2025-01-16T10:17:13.000Z', 'metadata': {}}","{'type': 'StructuredValue', 'value': ['sensor'], 'metadata': {}}","{'type': 'Text', 'value': 'Exit', 'metadata': {}}","{'type': 'geo:json', 'value': {'type': 'Point', 'coordinates': [-6.521984339, 53.374881638]}, 'metadata': {}}","{'type': 'Text', 'value': 'NFCReader-15', 'metadata': {}}","{'type': 'StructuredValue', 'value': ['mqtt'], 'metadata': {}}","{'type': 'Text', 'value': '4cebd47c', 'metadata': {}}"
urn:ngsi-ld:Device:38,Device,"{'type': 'Text', 'value': 'Cleanroom 3', 'metadata': {}}","{'type': 'StructuredValue', 'value': ['urn:ngsi-ld:Device:69'], 'metadata': {}}","{'type': 'StructuredValue', 'value': ['gateOpening'], 'metadata': {}}","{'type': 'DateTime', 'value': '2025-01-25T12:51:00.000Z', 'metadata': {}}","{'type': 'StructuredValue', 'value': ['sensor'], 'metadata': {}}","{'type': 'Text', 'value': 'Entry', 'metadata': {}}","{'type': 'geo:json', 'value': {'type': 'Point', 'coordinates': [-6.52233839, 53.375163614]}, 'metadata': {}}","{'type': 'Text', 'value': 'NFCReader-16', 'metadata': {}}","{'type': 'StructuredValue', 'value': ['mqtt'], 'metadata': {}}","{'type': 'Text', 'value': 'cefb714d', 'metadata': {}}"
urn:ngsi-ld:Device:39,Device,"{'type': 'Text', 'value': 'Cleanroom 3', 'metadata': {}}","{'type': 'StructuredValue', 'value': ['urn:ngsi-ld:Device:69'], 'metadata': {}}","{'type': 'StructuredValue', 'value': ['gateOpening'], 'metadata': {}}","{'type': 'DateTime', 'value': '2025-01-07T19:15:28.000Z', 'metadata': {}}","{'type': 'StructuredValue', 'value': ['sensor'], 'metadata': {}}","{'type': 'Text', 'value': 'Exit', 'metadata': {}}","{'type': 'geo:json', 'value': {'type': 'Point', 'coordinates': [-6.52233839, 53.375163614]}, 'metadata': {}}","{'type': 'Text', 'value': 'NFCReader-17', 'metadata': {}}","{'type': 'StructuredValue', 'value': ['mqtt'], 'metadata': {}}","{'type': 'Text', 'value': '72be3bfc', 'metadata': {}}"
urn:ngsi-ld:Device:40,Device,"{'type': 'Text', 'value': 'Fab 14 Facility', 'metadata': {}}","{'type': 'StructuredValue', 'value': ['urn:ngsi-ld:Device:69'], 'metadata': {}}","{'type': 'StructuredValue', 'value': ['gateOpening'], 'metadata': {}}","{'type': 'DateTime', 'value': '2025-01-20T08:05:27.000Z', 'metadata': {}}","{'type': 'StructuredValue', 'value': ['sensor'], 'metadata': {}}","{'type': 'Text', 'value': 'Entry', 'metadata': {}}","{'type': 'geo:json', 'value': {'type': 'Point', 'coordinates': [-6.521083117, 53.374267052]}, 'metadata': {}}","{'type': 'Text', 'value': 'NFCReader-18', 'metadata': {}}","{'type': 'StructuredValue', 'value': ['mqtt'], 'metadata': {}}","{'type': 'Text', 'value': 'f0505111', 'metadata': {}}"
urn:ngsi-ld:Device:41,Device,"{'type': 'Text', 'value': 'Fab 14 Facility', 'metadata': {}}","{'type': 'StructuredValue', 'value': ['urn:ngsi-ld:Device:69'], 'metadata': {}}","{'type': 'StructuredValue', 'value': ['gateOpening'], 'metadata': {}}","{'type': 'DateTime', 'value': '2025-01-13T01:22:33.000Z', 'metadata': {}}","{'type': 'StructuredValue', 'value': ['sensor'], 'metadata': {}}","{'type': 'Text', 'value': 'Exit', 'metadata': {}}","{'type': 'geo:json', 'value': {'type': 'Point', 'coordinates': [-6.521083117, 53.374267052]}, 'metadata': {}}","{'type': 'Text', 'value': 'NFCReader-19', 'metadata': {}}","{'type': 'StructuredValue', 'value': ['mqtt'], 'metadata': {}}","{'type': 'Text', 'value': 'b1ed7acd', 'metadata': {}}"
urn:ngsi-ld:Device:42,Device,"{'type': 'Text', 'value': 'Fab 14 Facility', 'metadata': {}}","{'type': 'StructuredValue', 'value': ['urn:ngsi-ld:Device:69'], 'metadata': {}}","{'type': 'StructuredValue', 'value': ['gateOpening'], 'metadata': {}}","{'type': 'DateTime', 'value': '2025-01-13T03:14:14.000Z', 'metadata': {}}","{'type': 'StructuredValue', 'value': ['sensor'], 'metadata': {}}","{'type': 'Text', 'value': 'Entry', 'metadata': {}}","{'type': 'geo:json', 'value': {'type': 'Point', 'coordinates': [-6.521093845, 53.37494588]}, 'metadata': {}}","{'type': 'Text', 'value': 'NFCReader-20', 'metadata': {}}","{'type': 'StructuredValue', 'value': ['mqtt'], 'metadata': {}}","{'type': 'Text', 'value': '89328768', 'metadata': {}}"
urn:ngsi-ld:Device:43,Device,"{'type': 'Text', 'value': 'Fab 14 Facility', 'metadata': {}}","{'type': 'StructuredValue', 'value': ['urn:ngsi-ld:Device:69'], 'metadata': {}}","{'type': 'StructuredValue', 'value': ['gateOpening'], 'metadata': {}}","{'type': 'DateTime', 'value': '2025-01-12T00:51:51.000Z', 'metadata': {}}","{'type': 'StructuredValue', 'value': ['sensor'], 'metadata': {}}","{'type': 'Text', 'value': 'Exit', 'metadata': {}}","{'type': 'geo:json', 'value': {'type': 'Point', 'coordinates': [-6.521093845, 53.37494588]}, 'metadata': {}}","{'type': 'Text', 'value': 'NFCReader-21', 'metadata': {}}","{'type': 'StructuredValue', 'value': ['mqtt'], 'metadata': {}}","{'type': 'Text', 'value': '3e748ad3', 'metadata': {}}"
urn:ngsi-ld:Device:44,Device,"{'type': 'Text', 'value': 'Fab 14 Facility', 'metadata': {}}","{'type': 'StructuredValue', 'value': ['urn:ngsi-ld:Device:69'], 'metadata': {}}","{'type': 'StructuredValue', 'value': ['gateOpening'], 'metadata': {}}","{'type': 'DateTime', 'value': '2025-01-17T07:22:44.000Z', 'metadata': {}}","{'type': 'StructuredValue', 'value': ['sensor'], 'metadata': {}}","{'type': 'Text', 'value': 'Entry', 'metadata': {}}","{'type': 'geo:json', 'value': {'type': 'Point', 'coordinates': [-6.519141197, 53.374491195]}, 'metadata': {}}","{'type': 'Text', 'value': 'NFCReader-22', 'metadata': {}}","{'type': 'StructuredValue', 'value': ['mqtt'], 'metadata': {}}","{'type': 'Text', 'value': '75fb50c6', 'metadata': {}}"
urn:ngsi-ld:Device:45,Device,"{'type': 'Text', 'value': 'Fab 14 Facility', 'metadata': {}}","{'type': 'StructuredValue', 'value': ['urn:ngsi-ld:Device:69'], 'metadata': {}}","{'type': 'StructuredValue', 'value': ['gateOpening'], 'metadata': {}}","{'type': 'DateTime', 'value': '2025-01-21T12:57:04.000Z', 'metadata': {}}","{'type': 'StructuredValue', 'value': ['sensor'], 'metadata': {}}","{'type': 'Text', 'value': 'Exit', 'metadata': {}}","{'type': 'geo:json', 'value': {'type': 'Point', 'coordinates': [-6.519141197, 53.374491195]}, 'metadata': {}}","{'type': 'Text', 'value': 'NFCReader-23', 'metadata': {}}","{'type': 'StructuredValue', 'value': ['mqtt'], 'metadata': {}}","{'type': 'Text', 'value': '51ab29fa', 'metadata': {}}"
urn:ngsi-ld:Device:46,Device,"{'type': 'Text', 'value': 'Cleanroom 4', 'metadata': {}}","{'type': 'StructuredValue', 'value': ['urn:ngsi-ld:Device:69'], 'metadata': {}}","{'type': 'StructuredValue', 'value': ['gateOpening'], 'metadata': {}}","{'type': 'DateTime', 'value': '2025-01-03T00:26:48.000Z', 'metadata': {}}","{'type': 'StructuredValue', 'value': ['sensor'], 'metadata': {}}","{'type': 'Text', 'value': 'Entry', 'metadata': {}}","{'type': 'geo:json', 'value': {'type': 'Point', 'coordinates': [-6.519334316, 53.374728144]}, 'metadata': {}}","{'type': 'Text', 'value': 'NFCReader-25', 'metadata': {}}","{'type': 'StructuredValue', 'value': ['mqtt'], 'metadata': {}}","{'type': 'Text', 'value': 'a4e4fa33', 'metadata': {}}"
urn:ngsi-ld:Device:47,Device,"{'type': 'Text', 'value': 'Cleanroom 4', 'metadata': {}}","{'type': 'StructuredValue', 'value': ['urn:ngsi-ld:Device:69'], 'metadata': {}}","{'type': 'StructuredValue', 'value': ['gateOpening'], 'metadata': {}}","{'type': 'DateTime', 'value': '2025-01-12T19:38:57.000Z', 'metadata': {}}","{'type': 'StructuredValue', 'value': ['sensor'], 'metadata': {}}","{'type': 'Text', 'value': 'Exit', 'metadata': {}}","{'type': 'geo:json', 'value': {'type': 'Point', 'coordinates': [-6.519334316, 53.374728144]}, 'metadata': {}}","{'type': 'Text', 'value': 'NFCReader-26', 'metadata': {}}","{'type': 'StructuredValue', 'value': ['mqtt'], 'metadata': {}}","{'type': 'Text', 'value': 'c4340d93', 'metadata': {}}"
urn:ngsi-ld:Device:48,Device,"{'type': 'Text', 'value': 'Cleanroom 4', 'metadata': {}}","{'type': 'StructuredValue', 'value': ['urn:ngsi-ld:Device:69'], 'metadata': {}}","{'type': 'StructuredValue', 'value': ['gateOpening'], 'metadata': {}}","{'type': 'DateTime', 'value': '2025-01-30T10:48:08.000Z', 'metadata': {}}","{'type': 'StructuredValue', 'value': ['sensor'], 'metadata': {}}","{'type': 'Text', 'value': 'Exit', 'metadata': {}}","{'type': 'geo:json', 'value': {'type': 'Point', 'coordinates': [-6.51976347, 53.375503022]}, 'metadata': {}}","{'type': 'Text', 'value': 'NFCReader-27', 'metadata': {}}","{'type': 'StructuredValue', 'value': ['mqtt'], 'metadata': {}}","{'type': 'Text', 'value': '7780cbba', 'metadata': {}}"
urn:ngsi-ld:Device:49,Device,"{'type': 'Text', 'value': 'IR5 Office Facility', 'metadata': {}}","{'type': 'StructuredValue', 'value': ['urn:ngsi-ld:Device:69'], 'metadata': {}}","{'type': 'StructuredValue', 'value': ['gateOpening'], 'metadata': {}}","{'type': 'DateTime', 'value': '2025-01-12T02:21:31.000Z', 'metadata': {}}","{'type': 'StructuredValue', 'value': ['sensor'], 'metadata': {}}","{'type': 'Text', 'value': 'Entry', 'metadata': {}}","{'type': 'geo:json', 'value': {'type': 'Point', 'coordinates': [-6.524634361, 53.375214846]}, 'metadata': {}}","{'type': 'Text', 'value': 'NFCReader-28', 'metadata': {}}","{'type': 'StructuredValue', 'value': ['mqtt'], 'metadata': {}}","{'type': 'Text', 'value': '0f9fcdf4', 'metadata': {}}"
urn:ngsi-ld:Device:50,Device,"{'type': 'Text', 'value': 'IR5 Office Facility', 'metadata': {}}","{'type': 'StructuredValue', 'value': ['urn:ngsi-ld:Device:69'], 'metadata': {}}","{'type': 'StructuredValue', 'value': ['gateOpening'], 'metadata': {}}","{'type': 'DateTime', 'value': '2025-01-06T04:00:42.000Z', 'metadata': {}}","{'type': 'StructuredValue', 'value': ['sensor'], 'metadata': {}}","{'type': 'Text', 'value': 'Exit', 'metadata': {}}","{'type': 'geo:json', 'value': {'type': 'Point', 'coordinates': [-6.524634361, 53.375214846]}, 'metadata': {}}","{'type': 'Text', 'value': 'NFCReader-29', 'metadata': {}}","{'type': 'StructuredValue', 'value': ['mqtt'], 'metadata': {}}","{'type': 'Text', 'value': 'c23b1958', 'metadata': {}}"
urn:ngsi-ld:Device:51,Device,"{'type': 'Text', 'value': 'R&D Lab', 'metadata': {}}","{'type': 'StructuredValue', 'value': ['urn:ngsi-ld:Device:69'], 'metadata': {}}","{'type': 'StructuredValue', 'value': ['gateOpening'], 'metadata': {}}","{'type': 'DateTime', 'value': '2025-01-30T00:48:02.000Z', 'metadata': {}}","{'type': 'StructuredValue', 'value': ['sensor'], 'metadata': {}}","{'type': 'Text', 'value': 'Entry', 'metadata': {}}","{'type': 'geo:json', 'value': {'type': 'Point', 'coordinates': [-6.525557041, 53.374984303]}, 'metadata': {}}","{'type': 'Text', 'value': 'NFCReader-30', 'metadata': {}}","{'type': 'StructuredValue', 'value': ['mqtt'], 'metadata': {}}","{'type': 'Text', 'value': 'db3e1102', 'metadata': {}}"
urn:ngsi-ld:Device:52,Device,"{'type': 'Text', 'value': 'R&D Lab', 'metadata': {}}","{'type': 'StructuredValue', 'value': ['urn:ngsi-ld:Device:69'], 'metadata': {}}","{'type': 'StructuredValue', 'value': ['gateOpening'], 'metadata': {}}","{'type': 'DateTime', 'value': '2025-01-05T02:05:07.000Z', 'metadata': {}}","{'type': 'StructuredValue', 'value': ['sensor'], 'metadata': {}}","{'type': 'Text', 'value': 'Exit', 'metadata': {}}","{'type': 'geo:json', 'value': {'type': 'Point', 'coordinates': [-6.525557041, 53.374984303]}, 'metadata': {}}","{'type': 'Text', 'value': 'NFCReader-31', 'metadata': {}}","{'type': 'StructuredValue', 'value': ['mqtt'], 'metadata': {}}","{'type': 'Text', 'value': '521e136c', 'metadata': {}}"
urn:ngsi-ld:Device:53,Device,"{'type': 'Text', 'value': 'R&D Lab', 'metadata': {}}","{'type': 'StructuredValue', 'value': ['urn:ngsi-ld:Device:69'], 'metadata': {}}","{'type': 'StructuredValue', 'value': ['gateOpening'], 'metadata': {}}","{'type': 'DateTime', 'value': '2025-01-07T06:37:25.000Z', 'metadata': {}}","{'type': 'StructuredValue', 'value': ['sensor'], 'metadata': {}}","{'type': 'Text', 'value': 'Entry', 'metadata': {}}","{'type': 'geo:json', 'value': {'type': 'Point', 'coordinates': [-6.525900364, 53.37551583]}, 'metadata': {}}","{'type': 'Text', 'value': 'NFCReader-32', 'metadata': {}}","{'type': 'StructuredValue', 'value': ['mqtt'], 'metadata': {}}","{'type': 'Text', 'value': 'df9800c2', 'metadata': {}}"
urn:ngsi-ld:Device:54,Device,"{'type': 'Text', 'value': 'R&D Lab', 'metadata': {}}","{'type': 'StructuredValue', 'value': ['urn:ngsi-ld:Device:69'], 'metadata': {}}","{'type': 'StructuredValue', 'value': ['gateOpening'], 'metadata': {}}","{'type': 'DateTime', 'value': '2025-01-19T02:44:59.000Z', 'metadata': {}}","{'type': 'StructuredValue', 'value': ['sensor'], 'metadata': {}}","{'type': 'Text', 'value': 'Exit', 'metadata': {}}","{'type': 'geo:json', 'value': {'type': 'Point', 'coordinates': [-6.525900364, 53.37551583]}, 'metadata': {}}","{'type': 'Text', 'value': 'NFCReader-33', 'metadata': {}}","{'type': 'StructuredValue', 'value': ['mqtt'], 'metadata': {}}","{'type': 'Text', 'value': '88152db4', 'metadata': {}}"
urn:ngsi-ld:Device:55,Device,"{'type': 'Text', 'value': 'R&D Lab', 'metadata': {}}","{'type': 'StructuredValue', 'value': ['urn:ngsi-ld:Device:69'], 'metadata': {}}","{'type': 'StructuredValue', 'value': ['gateOpening'], 'metadata': {}}","{'type': 'DateTime', 'value': '2025-01-11T22:30:54.000Z', 'metadata': {}}","{'type': 'StructuredValue', 'value': ['sensor'], 'metadata': {}}","{'type': 'Text', 'value': 'Entry', 'metadata': {}}","{'type': 'geo:json', 'value': {'type': 'Point', 'coordinates': [-6.526694298, 53.37475376]}, 'metadata': {}}","{'type': 'Text', 'value': 'NFCReader-34', 'metadata': {}}","{'type': 'StructuredValue', 'value': ['mqtt'], 'metadata': {}}","{'type': 'Text', 'value': '1468e561', 'metadata': {}}"
urn:ngsi-ld:Device:56,Device,"{'type': 'Text', 'value': 'R&D Lab', 'metadata': {}}","{'type': 'StructuredValue', 'value': ['urn:ngsi-ld:Device:69'], 'metadata': {}}","{'type': 'StructuredValue', 'value': ['gateOpening'], 'metadata': {}}","{'type': 'DateTime', 'value': '2025-01-04T17:41:01.000Z', 'metadata': {}}","{'type': 'StructuredValue', 'value': ['sensor'], 'metadata': {}}","{'type': 'Text', 'value': 'Exit', 'metadata': {}}","{'type': 'geo:json', 'value': {'type': 'Point', 'coordinates': [-6.526694298, 53.37475376]}, 'metadata': {}}","{'type': 'Text', 'value': 'NFCReader-35', 'metadata': {}}","{'type': 'StructuredValue', 'value': ['mqtt'], 'metadata': {}}","{'type': 'Text', 'value': '7df88dd7', 'metadata': {}}"
urn:ngsi-ld:Device:57,Device,"{'type': 'Text', 'value': 'Fab 10 Energy Centre', 'metadata': {}}","{'type': 'StructuredValue', 'value': ['urn:ngsi-ld:Device:69'], 'metadata': {}}","{'type': 'StructuredValue', 'value': ['gateOpening'], 'metadata': {}}","{'type': 'DateTime', 'value': '2025-01-08T02:40:44.000Z', 'metadata': {}}","{'type': 'StructuredValue', 'value': ['sensor'], 'metadata': {}}","{'type': 'Text', 'value': 'Entry', 'metadata': {}}","{'type': 'geo:json', 'value': {'type': 'Point', 'coordinates': [-6.521018744, 53.375861639]}, 'metadata': {}}","{'type': 'Text', 'value': 'NFCReader-36', 'metadata': {}}","{'type': 'StructuredValue', 'value': ['mqtt'], 'metadata': {}}","{'type': 'Text', 'value': '789c8443', 'metadata': {}}"
urn:ngsi-ld:Device:58,Device,"{'type': 'Text', 'value': 'Fab 10 Energy Centre', 'metadata': {}}","{'type': 'StructuredValue', 'value': ['urn:ngsi-ld:Device:69'], 'metadata': {}}","{'type': 'StructuredValue', 'value': ['gateOpening'], 'metadata': {}}","{'type': 'DateTime', 'value': '2025-01-30T22:58:22.000Z', 'metadata': {}}","{'type': 'StructuredValue', 'value': ['sensor'], 'metadata': {}}","{'type': 'Text', 'value': 'Exit', 'metadata': {}}","{'type': 'geo:json', 'value': {'type': 'Point', 'coordinates': [-6.521018744, 53.375861639]}, 'metadata': {}}","{'type': 'Text', 'value': 'NFCReader-37', 'metadata': {}}","{'type': 'StructuredValue', 'value': ['mqtt'], 'metadata': {}}","{'type': 'Text', 'value': '3d2c4a4f', 'metadata': {}}"
urn:ngsi-ld:Device:59,Device,"{'type': 'Text', 'value': 'Fab 14 Energy Centre', 'metadata': {}}","{'type': 'StructuredValue', 'value': ['urn:ngsi-ld:Device:69'], 'metadata': {}}","{'type': 'StructuredValue', 'value': ['gateOpening'], 'metadata': {}}","{'type': 'DateTime', 'value': '2025-01-21T23:49:10.000Z', 'metadata': {}}","{'type': 'StructuredValue', 'value': ['sensor'], 'metadata': {}}","{'type': 'Text', 'value': 'Entry', 'metadata': {}}","{'type': 'geo:json', 'value': {'type': 'Point', 'coordinates': [-6.520332098, 53.37574637]}, 'metadata': {}}","{'type': 'Text', 'value': 'NFCReader-38', 'metadata': {}}","{'type': 'StructuredValue', 'value': ['mqtt'], 'metadata': {}}","{'type': 'Text', 'value': '8171205e', 'metadata': {}}"
urn:ngsi-ld:Device:60,Device,"{'type': 'Text', 'value': 'Fab 14 Energy Centre', 'metadata': {}}","{'type': 'StructuredValue', 'value': ['urn:ngsi-ld:Device:69'], 'metadata': {}}","{'type': 'StructuredValue', 'value': ['gateOpening'], 'metadata': {}}","{'type': 'DateTime', 'value': '2025-01-01T19:42:58.000Z', 'metadata': {}}","{'type': 'StructuredValue', 'value': ['sensor'], 'metadata': {}}","{'type': 'Text', 'value': 'Exit', 'metadata': {}}","{'type': 'geo:json', 'value': {'type': 'Point', 'coordinates': [-6.520332098, 53.37574637]}, 'metadata': {}}","{'type': 'Text', 'value': 'NFCReader-39', 'metadata': {}}","{'type': 'StructuredValue', 'value': ['mqtt'], 'metadata': {}}","{'type': 'Text', 'value': '05303958', 'metadata': {}}"
urn:ngsi-ld:Device:61,Device,"{'type': 'Text', 'value': 'RODI Plant', 'metadata': {}}","{'type': 'StructuredValue', 'value': ['urn:ngsi-ld:Device:69'], 'metadata': {}}","{'type': 'StructuredValue', 'value': ['gateOpening'], 'metadata': {}}","{'type': 'DateTime', 'value': '2025-01-27T07:49:41.000Z', 'metadata': {}}","{'type': 'StructuredValue', 'value': ['sensor'], 'metadata': {}}","{'type': 'Text', 'value': 'Entry', 'metadata': {}}","{'type': 'geo:json', 'value': {'type': 'Point', 'coordinates': [-6.521844864, 53.376591671]}, 'metadata': {}}","{'type': 'Text', 'value': 'NFCReader-40', 'metadata': {}}","{'type': 'StructuredValue', 'value': ['mqtt'], 'metadata': {}}","{'type': 'Text', 'value': 'c3e21e35', 'metadata': {}}"
urn:ngsi-ld:Device:62,Device,"{'type': 'Text', 'value': 'RODI Plant', 'metadata': {}}","{'type': 'StructuredValue', 'value': ['urn:ngsi-ld:Device:69'], 'metadata': {}}","{'type': 'StructuredValue', 'value': ['gateOpening'], 'metadata': {}}","{'type': 'DateTime', 'value': '2025-01-28T06:54:01.000Z', 'metadata': {}}","{'type': 'StructuredValue', 'value': ['sensor'], 'metadata': {}}","{'type': 'Text', 'value': 'Exit', 'metadata': {}}","{'type': 'geo:json', 'value': {'type': 'Point', 'coordinates': [-6.521844864, 53.376591671]}, 'metadata': {}}","{'type': 'Text', 'value': 'NFCReader-41', 'metadata': {}}","{'type': 'StructuredValue', 'value': ['mqtt'], 'metadata': {}}","{'type': 'Text', 'value': '06e06f2d', 'metadata': {}}"
urn:ngsi-ld:Device:63,Device,"{'type': 'Text', 'value': 'Ryebrook 110kV Substation', 'metadata': {}}","{'type': 'StructuredValue', 'value': ['urn:ngsi-ld:Device:69'], 'metadata': {}}","{'type': 'StructuredValue', 'value': ['gateOpening'], 'metadata': {}}","{'type': 'DateTime', 'value': '2025-01-17T12:30:17.000Z', 'metadata': {}}","{'type': 'StructuredValue', 'value': ['sensor'], 'metadata': {}}","{'type': 'Text', 'value': 'Entry', 'metadata': {}}","{'type': 'geo:json', 'value': {'type': 'Point', 'coordinates': [-6.522767544, 53.377726867]}, 'metadata': {}}","{'type': 'Text', 'value': 'NFCReader-42', 'metadata': {}}","{'type': 'StructuredValue', 'value': ['mqtt'], 'metadata': {}}","{'type': 'Text', 'value': '05732a2c', 'metadata': {}}"
urn:ngsi-ld:Device:64,Device,"{'type': 'Text', 'value': 'Ryebrook 110kV Substation', 'metadata': {}}","{'type': 'StructuredValue', 'value': ['urn:ngsi-ld:Device:69'], 'metadata': {}}","{'type': 'StructuredValue', 'value': ['gateOpening'], 'metadata': {}}","{'type': 'DateTime', 'value': '2025-01-02T06:36:10.000Z', 'metadata': {}}","{'type': 'StructuredValue', 'value': ['sensor'], 'metadata': {}}","{'type': 'Text', 'value': 'Exit', 'metadata': {}}","{'type': 'geo:json', 'value': {'type': 'Point', 'coordinates': [-6.522767544, 53.377726867]}, 'metadata': {}}","{'type': 'Text', 'value': 'NFCReader-43', 'metadata': {}}","{'type': 'StructuredValue', 'value': ['mqtt'], 'metadata': {}}","{'type': 'Text', 'value': '06281cc4', 'metadata': {}}"
urn:ngsi-ld:Device:65,Device,"{'type': 'Text', 'value': 'Water Treatment Building', 'metadata': {}}","{'type': 'StructuredValue', 'value': ['urn:ngsi-ld:Device:69'], 'metadata': {}}","{'type': 'StructuredValue', 'value': ['gateOpening'], 'metadata': {}}","{'type': 'DateTime', 'value': '2025-01-25T14:04:24.000Z', 'metadata': {}}","{'type': 'StructuredValue', 'value': ['sensor'], 'metadata': {}}","{'type': 'Text', 'value': 'Entry', 'metadata': {}}","{'type': 'geo:json', 'value': {'type': 'Point', 'coordinates': [-6.523625851, 53.378378383]}, 'metadata': {}}","{'type': 'Text', 'value': 'NFCReader-44', 'metadata': {}}","{'type': 'StructuredValue', 'value': ['mqtt'], 'metadata': {}}","{'type': 'Text', 'value': '389a204c', 'metadata': {}}"
urn:ngsi-ld:Device:66,Device,"{'type': 'Text', 'value': 'Water Treatment Building', 'metadata': {}}","{'type': 'StructuredValue', 'value': ['urn:ngsi-ld:Device:69'], 'metadata': {}}","{'type': 'StructuredValue', 'value': ['gateOpening'], 'metadata': {}}","{'type': 'DateTime', 'value': '2025-01-05T22:49:03.000Z', 'metadata': {}}","{'type': 'StructuredValue', 'value': ['sensor'], 'metadata': {}}","{'type': 'Text', 'value': 'Exit', 'metadata': {}}","{'type': 'geo:json', 'value': {'type': 'Point', 'coordinates': [-6.523625851, 53.378378383]}, 'metadata': {}}","{'type': 'Text', 'value': 'NFCReader-45', 'metadata': {}}","{'type': 'StructuredValue', 'value': ['mqtt'], 'metadata': {}}","{'type': 'Text', 'value': '1d3ecc6a', 'metadata': {}}"
urn:ngsi-ld:Device:67,Device,"{'type': 'Text', 'value': 'Waste Water Treatment Building', 'metadata': {}}","{'type': 'StructuredValue', 'value': ['urn:ngsi-ld:Device:69'], 'metadata': {}}","{'type': 'StructuredValue', 'value': ['gateOpening'], 'metadata': {}}","{'type': 'DateTime', 'value': '2025-01-08T03:32:07.000Z', 'metadata': {}}","{'type': 'StructuredValue', 'value': ['sensor'], 'metadata': {}}","{'type': 'Text', 'value': 'Entry', 'metadata': {}}","{'type': 'geo:json', 'value': {'type': 'Point', 'coordinates': [-6.528314352, 53.378160665]}, 'metadata': {}}","{'type': 'Text', 'value': 'NFCReader-46', 'metadata': {}}","{'type': 'StructuredValue', 'value': ['mqtt'], 'metadata': {}}","{'type': 'Text', 'value': '72b8c28e', 'metadata': {}}"
urn:ngsi-ld:Device:68,Device,"{'type': 'Text', 'value': 'Waste Water Treatment Building', 'metadata': {}}","{'type': 'StructuredValue', 'value': ['urn:ngsi-ld:Device:69'], 'metadata': {}}","{'type': 'StructuredValue', 'value': ['gateOpening'], 'metadata': {}}","{'type': 'DateTime', 'value': '2025-01-30T18:39:46.000Z', 'metadata': {}}","{'type': 'StructuredValue', 'value': ['sensor'], 'metadata': {}}","{'type': 'Text', 'value': 'Exit', 'metadata': {}}","{'type': 'geo:json', 'value': {'type': 'Point', 'coordinates': [-6.528314352, 53.378160665]}, 'metadata': {}}","{'type': 'Text', 'value': 'NFCReader-47', 'metadata': {}}","{'type': 'StructuredValue', 'value': ['mqtt'], 'metadata': {}}","{'type': 'Text', 'value': 'a3905b90', 'metadata': {}}"
urn:ngsi-ld:Device:69,Device,"{'type': 'Text', 'value': 'Fab 1 Facility', 'metadata': {}}","{'type': 'Number', 'value': 0.91, 'metadata': {}}","{'type': 'StructuredValue', 'value': ['urn:ngsi-ld:Door:0'], 'metadata': {}}","{'type': 'StructuredValue', 'value': ['gateOpening'], 'metadata': {}}","{'type': 'DateTime', 'value': '2025-01-07T08:13:15.000Z', 'metadata': {}}","{'type': 'DateTime', 'value': '2025-01-03T14:44:40.000Z', 'metadata': {}}","{'type': 'DateTime', 'value': '2025-01-24T15:13:45.000Z', 'metadata': {}}","{'type': 'StructuredValue', 'value': ['actuator'], 'metadata': {}}","{'type': 'Text', 'value': 'locked', 'metadata': {}}","{'type': 'StructuredValue', 'value': ['Entry', 'Exit'], 'metadata': {}}","{'type': 'Text', 'value': '199175', 'metadata': {}}","{'type': 'Text', 'value': '522', 'metadata': {}}","{'type': 'geo:json', 'value': {'type': 'Point', 'coordinates': [-6.52482748, 53.376367338]}, 'metadata': {}}","{'type': 'Text', 'value': 'SmartLock-0', 'metadata': {}}","{'type': 'serialNumber', 'value': 98078270462, 'metadata': {}}","{'type': 'StructuredValue', 'value': ['http'], 'metadata': {}}","{'type': 'Text', 'value': '1', 'metadata': {}}"
